-- phpMyAdmin SQL Dump
-- version 4.8.4
-- https://www.phpmyadmin.net/
--
-- Хост: 127.0.0.1
-- Час створення: Лют 08 2019 р., 13:48
-- Версія сервера: 10.1.37-MariaDB
-- Версія PHP: 7.3.0

SET SQL_MODE = "NO_AUTO_VALUE_ON_ZERO";
SET AUTOCOMMIT = 0;
START TRANSACTION;
SET time_zone = "+00:00";


/*!40101 SET @OLD_CHARACTER_SET_CLIENT=@@CHARACTER_SET_CLIENT */;
/*!40101 SET @OLD_CHARACTER_SET_RESULTS=@@CHARACTER_SET_RESULTS */;
/*!40101 SET @OLD_COLLATION_CONNECTION=@@COLLATION_CONNECTION */;
/*!40101 SET NAMES utf8mb4 */;

--
-- База даних: `int20h`
--

-- --------------------------------------------------------

--
-- Структура таблиці `emotion`
--

CREATE TABLE `emotion` (
  `id` int(11) NOT NULL,
  `emotion` varchar(255) NOT NULL
) ENGINE=InnoDB DEFAULT CHARSET=utf8;

--
-- Дамп даних таблиці `emotion`
--

INSERT INTO `emotion` (`id`, `emotion`) VALUES
(1, 'sadness'),
(2, 'neutral'),
(3, 'disgust'),
(4, 'anger'),
(5, 'surprise'),
(6, 'fear'),
(7, 'happiness'),
(8, 'none');

-- --------------------------------------------------------

--
-- Структура таблиці `emotion_url`
--

CREATE TABLE `emotion_url` (
  `id` int(11) NOT NULL,
  `id_emotion` int(11) NOT NULL,
  `id_image_url` int(11) NOT NULL
) ENGINE=InnoDB DEFAULT CHARSET=utf8;

--
-- Дамп даних таблиці `emotion_url`
--

INSERT INTO `emotion_url` (`id`, `id_emotion`, `id_image_url`) VALUES
(481, 7, 4088),
(482, 2, 4089),
(483, 0, 4090),
(484, 2, 4091),
(485, 2, 4092),
(486, 2, 4093),
(487, 2, 4094),
(488, 0, 4095),
(489, 4, 4096),
(490, 4, 4097),
(491, 2, 4098),
(492, 2, 4099),
(493, 4, 4100),
(494, 0, 4101),
(495, 7, 4102),
(496, 1, 4103),
(497, 7, 4104),
(498, 4, 4105),
(499, 2, 4106),
(500, 2, 4107),
(501, 2, 4108),
(502, 2, 4109),
(503, 0, 4110),
(504, 2, 4111),
(505, 0, 4112),
(506, 2, 4113),
(507, 2, 4114),
(508, 2, 4115),
(509, 7, 4116),
(510, 0, 4117),
(511, 2, 4118),
(512, 4, 4119),
(513, 2, 4120),
(514, 3, 4121),
(515, 0, 4122),
(516, 2, 4123),
(517, 2, 4124),
(518, 1, 4125),
(519, 7, 4126),
(520, 0, 4127),
(521, 5, 4128),
(522, 0, 4129),
(523, 5, 4130),
(524, 7, 4131),
(525, 7, 4132),
(526, 2, 4133),
(527, 2, 4134),
(528, 2, 4135),
(529, 7, 4136),
(530, 7, 4137),
(531, 7, 4138),
(532, 7, 4139),
(533, 7, 4140),
(534, 7, 4141),
(535, 2, 4142),
(536, 2, 4143),
(537, 2, 4144),
(538, 7, 4145),
(539, 0, 4146),
(540, 1, 4147),
(541, 0, 4148),
(542, 2, 4149),
(543, 7, 4150),
(544, 7, 4151),
(545, 7, 4152),
(546, 7, 4153),
(547, 1, 4154),
(548, 3, 4155),
(549, 2, 4156),
(550, 0, 4157),
(551, 2, 4158),
(552, 0, 4159),
(553, 2, 4160),
(554, 2, 4161),
(555, 2, 4162),
(556, 4, 4163),
(557, 0, 4164),
(558, 0, 4165),
(559, 0, 4166),
(560, 0, 4167),
(561, 0, 4168),
(562, 0, 4169),
(563, 0, 4170),
(564, 0, 4171),
(565, 0, 4172),
(566, 0, 4173),
(567, 0, 4174),
(568, 0, 4175),
(569, 0, 4176),
(570, 0, 4177),
(571, 0, 4178),
(572, 0, 4179),
(573, 0, 4180),
(574, 0, 4181),
(575, 0, 4182),
(576, 0, 4183),
(577, 0, 4184),
(578, 0, 4185),
(579, 5, 4186),
(580, 6, 4187),
(581, 0, 4188),
(582, 2, 4189),
(583, 2, 4190),
(584, 1, 4191),
(585, 3, 4192),
(586, 0, 4193),
(587, 0, 4194),
(588, 2, 4195),
(589, 0, 4196),
(590, 2, 4198),
(591, 7, 4199),
(592, 1, 4200),
(593, 7, 4201),
(594, 7, 4202),
(595, 2, 4203),
(596, 4, 4204),
(597, 2, 4205),
(598, 4, 4206),
(599, 8, 4207),
(600, 8, 4208),
(601, 7, 4209),
(602, 7, 4210),
(603, 8, 4211),
(604, 8, 4212),
(605, 8, 4213),
(606, 8, 4214),
(607, 2, 4215),
(608, 2, 4216),
(609, 2, 4217),
(610, 8, 4218),
(611, 8, 4219),
(612, 8, 4220),
(613, 2, 4221),
(614, 2, 4222),
(615, 7, 4223),
(616, 7, 4224),
(617, 1, 4225),
(618, 7, 4226),
(619, 7, 4227),
(620, 7, 4228),
(621, 7, 4229),
(622, 7, 4230),
(623, 2, 4231),
(624, 7, 4232),
(625, 7, 4233),
(626, 7, 4234),
(627, 8, 4235),
(628, 5, 4236),
(629, 8, 4237),
(630, 2, 4238),
(631, 8, 4239),
(632, 2, 4240),
(633, 1, 4241),
(634, 2, 4242),
(635, 7, 4243),
(636, 1, 4244),
(637, 2, 4245),
(638, 4, 4246),
(639, 3, 4247),
(640, 8, 4248),
(641, 1, 4249),
(642, 4, 4250),
(643, 7, 4251),
(644, 7, 4252),
(645, 7, 4253),
(646, 8, 4254),
(647, 5, 4255),
(648, 5, 4256),
(649, 8, 4257),
(650, 2, 4258),
(651, 7, 4259),
(652, 2, 4260),
(653, 8, 4261),
(654, 7, 4262),
(655, 2, 4263),
(656, 7, 4264),
(657, 7, 4265),
(658, 8, 4266),
(659, 8, 4267),
(660, 8, 4268),
(661, 8, 4269),
(662, 7, 4270),
(663, 7, 4271),
(664, 7, 4272),
(665, 7, 4273),
(666, 8, 4274),
(667, 8, 4275),
(668, 2, 4276),
(669, 7, 4277),
(670, 2, 4278),
(671, 2, 4279),
(672, 7, 4280),
(673, 7, 4281),
(674, 2, 4282),
(675, 8, 4283),
(676, 2, 4284),
(677, 8, 4285),
(678, 8, 4286),
(679, 8, 4287),
(680, 8, 4288),
(681, 2, 4289),
(682, 2, 4290),
(683, 2, 4291),
(684, 7, 4292),
(685, 7, 4293),
(686, 2, 4294),
(687, 2, 4295),
(688, 8, 4296),
(689, 2, 4297),
(690, 2, 4298),
(691, 7, 4299),
(692, 2, 4300),
(693, 2, 4301),
(694, 4, 4302),
(695, 2, 4303),
(696, 8, 4304),
(697, 2, 4305),
(698, 8, 4306),
(699, 2, 4307),
(700, 2, 4308),
(701, 8, 4309),
(702, 8, 4310),
(703, 1, 4311),
(704, 7, 4312),
(705, 6, 4313),
(706, 2, 4314),
(707, 2, 4315),
(708, 2, 4316),
(709, 2, 4317),
(710, 2, 4318),
(711, 8, 4319),
(712, 8, 4320),
(713, 8, 4321),
(714, 8, 4322),
(715, 8, 4323),
(716, 8, 4324),
(717, 8, 4325),
(718, 4, 4326),
(719, 2, 4327),
(720, 2, 4328),
(721, 2, 4329),
(722, 2, 4330),
(723, 2, 4331),
(724, 2, 4332),
(725, 2, 4333),
(726, 2, 4334),
(727, 2, 4335),
(728, 2, 4336),
(729, 7, 4337),
(730, 8, 4338),
(731, 8, 4339),
(732, 8, 4340),
(733, 2, 4341),
(734, 2, 4342),
(735, 2, 4343),
(736, 1, 4344),
(737, 2, 4345),
(738, 8, 4346),
(739, 1, 4347),
(740, 8, 4348),
(741, 8, 4349),
(742, 8, 4350),
(743, 4, 4351),
(744, 8, 4352),
(745, 8, 4353),
(746, 8, 4354),
(747, 8, 4355);

-- --------------------------------------------------------

--
-- Структура таблиці `image_url`
--

CREATE TABLE `image_url` (
  `id` int(11) NOT NULL,
  `img_url` text NOT NULL,
  `date` timestamp NOT NULL DEFAULT CURRENT_TIMESTAMP
) ENGINE=MyISAM DEFAULT CHARSET=utf8;

--
-- Дамп даних таблиці `image_url`
--

INSERT INTO `image_url` (`id`, `img_url`, `date`) VALUES
(4089, 'https://farm6.staticflickr.com/5592/29991028384_df040e5a5b.jpg', '2019-02-08 12:08:14'),
(4090, 'https://farm6.staticflickr.com/5643/30505989962_17f4269ef5.jpg', '2019-02-08 12:08:15'),
(4091, 'https://farm6.staticflickr.com/5452/30622789675_8a2497cc79.jpg', '2019-02-08 12:08:17'),
(4092, 'https://farm6.staticflickr.com/5565/30534774171_e3abd916df.jpg', '2019-02-08 12:08:19'),
(4093, 'https://farm6.staticflickr.com/5525/30322928320_92223f39ec.jpg', '2019-02-08 12:08:20'),
(4094, 'https://farm6.staticflickr.com/5775/30586706396_bafa671f20.jpg', '2019-02-08 12:08:22'),
(4095, 'https://farm6.staticflickr.com/5492/30622785535_2c7d464885.jpg', '2019-02-08 12:08:24'),
(4096, 'https://farm6.staticflickr.com/5562/29991017524_07dee4a997.jpg', '2019-02-08 12:08:25'),
(4097, 'https://farm6.staticflickr.com/5829/29991016254_3950acf1cd.jpg', '2019-02-08 12:08:27'),
(4098, 'https://farm6.staticflickr.com/5699/30322924920_cd82f5c603.jpg', '2019-02-08 12:08:28'),
(4099, 'https://farm6.staticflickr.com/5692/29991013184_8eea6cc6f7.jpg', '2019-02-08 12:08:30'),
(4100, 'https://farm6.staticflickr.com/5689/30505970262_260ac0ba65.jpg', '2019-02-08 12:08:32'),
(4101, 'https://farm6.staticflickr.com/5520/29989053903_89a150536f.jpg', '2019-02-08 12:08:34'),
(4102, 'https://farm6.staticflickr.com/5737/30622778305_212826049c.jpg', '2019-02-08 12:08:36'),
(4103, 'https://farm6.staticflickr.com/5650/30534753661_6e002869c1.jpg', '2019-02-08 12:08:38'),
(4104, 'https://farm6.staticflickr.com/5558/29989050123_bbc093569b.jpg', '2019-02-08 12:08:39'),
(4105, 'https://farm6.staticflickr.com/5344/29991000324_0509e516cc.jpg', '2019-02-08 12:08:41'),
(4106, 'https://farm6.staticflickr.com/5741/29989047173_7731c866e3.jpg', '2019-02-08 12:08:43'),
(4107, 'https://farm6.staticflickr.com/5572/29989045913_2da853046e.jpg', '2019-02-08 12:08:45'),
(4108, 'https://farm6.staticflickr.com/5807/29990994804_6c046a3e76.jpg', '2019-02-08 12:08:46'),
(4109, 'https://farm6.staticflickr.com/5643/30586688826_44d5d1dda6.jpg', '2019-02-08 12:08:48'),
(4110, 'https://farm6.staticflickr.com/5712/30534749071_d9a7ff21c4.jpg', '2019-02-08 12:08:50'),
(4111, 'https://farm6.staticflickr.com/5708/30505965272_33fc07fa71.jpg', '2019-02-08 12:08:51'),
(4112, 'https://farm6.staticflickr.com/5760/29990984644_65d6aee281.jpg', '2019-02-08 12:08:53'),
(4113, 'https://farm6.staticflickr.com/5780/30505964102_994ab3d4ac.jpg', '2019-02-08 12:08:54'),
(4114, 'https://farm6.staticflickr.com/5518/29990979574_959545aed6.jpg', '2019-02-08 12:08:56'),
(4115, 'https://farm6.staticflickr.com/5765/30534741711_c7058ee803.jpg', '2019-02-08 12:08:58'),
(4116, 'https://farm6.staticflickr.com/5556/30534739851_3a45d22188.jpg', '2019-02-08 12:09:00'),
(4117, 'https://farm6.staticflickr.com/5763/30505960432_fcb8cf117f.jpg', '2019-02-08 12:09:02'),
(4118, 'https://farm6.staticflickr.com/5483/30622763065_e76a37ac24.jpg', '2019-02-08 12:09:03'),
(4119, 'https://farm6.staticflickr.com/5591/30322888560_eabd78981c.jpg', '2019-02-08 12:09:05'),
(4120, 'https://farm6.staticflickr.com/5810/30622759955_d510331a18.jpg', '2019-02-08 12:09:07'),
(4121, 'https://farm6.staticflickr.com/5557/30586661926_3480d288b3.jpg', '2019-02-08 12:09:09'),
(4122, 'https://farm6.staticflickr.com/5561/30322882680_8121620019.jpg', '2019-02-08 12:09:11'),
(4123, 'https://farm6.staticflickr.com/5727/30586657326_ddcd3b662f.jpg', '2019-02-08 12:09:13'),
(4124, 'https://farm6.staticflickr.com/5326/30322879270_cb64fd9dda.jpg', '2019-02-08 12:09:15'),
(4125, 'https://farm6.staticflickr.com/5729/30586652666_2bd037ee24.jpg', '2019-02-08 12:09:16'),
(4126, 'https://farm6.staticflickr.com/5446/30505942662_06e8cb3f16.jpg', '2019-02-08 12:09:18'),
(4127, 'https://farm6.staticflickr.com/5618/30534719901_36c7da9ca2.jpg', '2019-02-08 12:09:20'),
(4128, 'https://farm6.staticflickr.com/5816/29990956894_f0e75755b0.jpg', '2019-02-08 12:09:22'),
(4129, 'https://farm6.staticflickr.com/5747/30322870000_4db17e194b.jpg', '2019-02-08 12:09:24'),
(4130, 'https://farm6.staticflickr.com/5804/30622746215_82c9e0018e.jpg', '2019-02-08 12:09:25'),
(4131, 'https://farm6.staticflickr.com/5662/30322867440_75096544f4.jpg', '2019-02-08 12:09:27'),
(4132, 'https://farm6.staticflickr.com/5447/29990950374_e25266161f.jpg', '2019-02-08 12:09:29'),
(4133, 'https://farm6.staticflickr.com/5779/29990948434_c373f17473.jpg', '2019-02-08 12:09:31'),
(4134, 'https://farm6.staticflickr.com/5643/29990946224_45486914d2.jpg', '2019-02-08 12:09:33'),
(4135, 'https://farm6.staticflickr.com/5473/29990943154_b7596b1876.jpg', '2019-02-08 12:09:35'),
(4136, 'https://farm6.staticflickr.com/5480/30322860110_32da5954b8.jpg', '2019-02-08 12:09:37'),
(4137, 'https://farm6.staticflickr.com/5618/30505924942_0a8b513f9a.jpg', '2019-02-08 12:09:39'),
(4138, 'https://farm6.staticflickr.com/5671/30622733975_7136d8a6a2.jpg', '2019-02-08 12:09:41'),
(4139, 'https://farm6.staticflickr.com/5653/30622732425_6f54d885f6.jpg', '2019-02-08 12:09:43'),
(4140, 'https://farm6.staticflickr.com/5738/30534702091_eae9f371d1.jpg', '2019-02-08 12:09:45'),
(4141, 'https://farm6.staticflickr.com/5484/30622728565_9397d2e2d6.jpg', '2019-02-08 12:09:47'),
(4142, 'https://farm6.staticflickr.com/5757/30322847900_945d7434aa.jpg', '2019-02-08 12:09:49'),
(4143, 'https://farm6.staticflickr.com/5774/30534694491_d684e009cd.jpg', '2019-02-08 12:09:51'),
(4144, 'https://farm6.staticflickr.com/5626/30586609896_7beebc4067.jpg', '2019-02-08 12:09:52'),
(4145, 'https://farm6.staticflickr.com/5627/30534689251_521249cc42.jpg', '2019-02-08 12:09:54'),
(4146, 'https://farm6.staticflickr.com/5707/29990930164_aa524b2c8e.jpg', '2019-02-08 12:09:56'),
(4147, 'https://farm6.staticflickr.com/5620/30322834930_ea890caf94.jpg', '2019-02-08 12:09:57'),
(4148, 'https://farm6.staticflickr.com/5615/30322832890_dddf30c090.jpg', '2019-02-08 12:09:59'),
(4149, 'https://farm6.staticflickr.com/5591/30505903532_9e7af2952b.jpg', '2019-02-08 12:10:02'),
(4150, 'https://farm6.staticflickr.com/5678/30505902772_c446737981.jpg', '2019-02-08 12:10:04'),
(4151, 'https://farm6.staticflickr.com/5682/29988990843_b2b74f93c1.jpg', '2019-02-08 12:10:05'),
(4152, 'https://farm6.staticflickr.com/5550/30586599506_46150643cb.jpg', '2019-02-08 12:10:08'),
(4153, 'https://farm6.staticflickr.com/5723/30622705355_0e9341aabc.jpg', '2019-02-08 12:10:10'),
(4154, 'https://farm6.staticflickr.com/5600/30505899462_0e3721a0c6.jpg', '2019-02-08 12:10:12'),
(4155, 'https://farm6.staticflickr.com/5466/29988981203_f3e73331e8.jpg', '2019-02-08 12:10:13'),
(4156, 'https://farm6.staticflickr.com/5490/30622701405_af1f7fa0b6.jpg', '2019-02-08 12:10:15'),
(4157, 'https://farm6.staticflickr.com/5733/29988976083_33d06cc657.jpg', '2019-02-08 12:10:17'),
(4158, 'https://farm6.staticflickr.com/5510/29988974293_b403dd7f1c.jpg', '2019-02-08 12:10:18'),
(4159, 'https://farm6.staticflickr.com/5742/30505895592_2d5b50fa91.jpg', '2019-02-08 12:10:20'),
(4160, 'https://farm6.staticflickr.com/5618/30586584396_b3776469a9.jpg', '2019-02-08 12:10:22'),
(4161, 'https://farm6.staticflickr.com/5569/30505893412_fb68430ccf.jpg', '2019-02-08 12:10:24'),
(4162, 'https://farm6.staticflickr.com/5604/30322813870_ab4636cf30.jpg', '2019-02-08 12:10:25'),
(4163, 'https://farm6.staticflickr.com/5736/30322811650_489c77ab25.jpg', '2019-02-08 12:10:27'),
(4164, 'https://farm6.staticflickr.com/5551/30322809790_b952907e72.jpg', '2019-02-08 12:10:29'),
(4165, 'https://farm6.staticflickr.com/5475/30322807520_404a30df57.jpg', '2019-02-08 12:10:30'),
(4166, 'https://farm6.staticflickr.com/5685/30322805040_4fc86d090f.jpg', '2019-02-08 12:10:32'),
(4167, 'https://farm6.staticflickr.com/5626/29988956323_e49a87052f.jpg', '2019-02-08 12:10:34'),
(4168, 'https://farm6.staticflickr.com/5492/30322799270_744079c643.jpg', '2019-02-08 12:10:35'),
(4169, 'https://farm6.staticflickr.com/5713/30505882702_a524fd200b.jpg', '2019-02-08 12:10:37'),
(4170, 'https://farm6.staticflickr.com/5553/29990887144_123efd1345.jpg', '2019-02-08 12:10:38'),
(4171, 'https://farm6.staticflickr.com/5681/30534640781_dce28f4254.jpg', '2019-02-08 12:10:40'),
(4172, 'https://farm6.staticflickr.com/5616/29988948443_9a7cb59dff.jpg', '2019-02-08 12:10:41'),
(4173, 'https://farm6.staticflickr.com/5565/30322786150_25d887c404.jpg', '2019-02-08 12:10:43'),
(4174, 'https://farm6.staticflickr.com/5604/29988942353_aa848b8313.jpg', '2019-02-08 12:10:44'),
(4175, 'https://farm6.staticflickr.com/5686/30322780700_61eef3e3ae.jpg', '2019-02-08 12:10:46'),
(4176, 'https://farm6.staticflickr.com/5580/30505873812_824fd4ae94.jpg', '2019-02-08 12:10:48'),
(4177, 'https://farm6.staticflickr.com/5573/29988932373_86b75890dd.jpg', '2019-02-08 12:10:49'),
(4178, 'https://farm6.staticflickr.com/5575/29988928923_1f0f039c8e.jpg', '2019-02-08 12:10:51'),
(4179, 'https://farm6.staticflickr.com/5472/30505871312_8f86539f7f.jpg', '2019-02-08 12:10:52'),
(4180, 'https://farm6.staticflickr.com/5705/29988921973_ffe9c5af08.jpg', '2019-02-08 12:10:54'),
(4181, 'https://farm6.staticflickr.com/5681/29990870944_bc69fdd48f.jpg', '2019-02-08 12:10:56'),
(4182, 'https://farm6.staticflickr.com/5567/30622660915_67502ca764.jpg', '2019-02-08 12:10:57'),
(4183, 'https://farm6.staticflickr.com/5540/30586551886_692fbd633e.jpg', '2019-02-08 12:10:59'),
(4184, 'https://farm6.staticflickr.com/5491/30622657655_6d51f94145.jpg', '2019-02-08 12:11:00'),
(4185, 'https://farm6.staticflickr.com/5346/30622656105_721b9c7dce.jpg', '2019-02-08 12:11:02'),
(4186, 'https://farm6.staticflickr.com/5797/30586547836_8c69039575.jpg', '2019-02-08 12:11:03'),
(4187, 'https://farm6.staticflickr.com/5766/29990860804_6dc30cc955.jpg', '2019-02-08 12:11:05'),
(4188, 'https://farm6.staticflickr.com/5811/30505856512_b4974164b8.jpg', '2019-02-08 12:11:07'),
(4189, 'https://farm6.staticflickr.com/5699/30505854032_e8044ca26b.jpg', '2019-02-08 12:11:09'),
(4190, 'https://farm6.staticflickr.com/5329/30505851782_c6a65c0d5f.jpg', '2019-02-08 12:11:11'),
(4191, 'https://farm6.staticflickr.com/5617/30505849622_429ec60c66.jpg', '2019-02-08 12:11:13'),
(4192, 'https://farm6.staticflickr.com/5591/30505847492_efc798ce3a.jpg', '2019-02-08 12:11:15'),
(4193, 'https://farm6.staticflickr.com/5808/30505844542_c67140d29a.jpg', '2019-02-08 12:11:18'),
(4194, 'https://farm6.staticflickr.com/5832/29988884763_bc79bfc108.jpg', '2019-02-08 12:11:19'),
(4195, 'https://farm6.staticflickr.com/5636/30586533896_56bbc0f55e.jpg', '2019-02-08 12:11:21'),
(4196, 'https://farm6.staticflickr.com/5637/29990846644_0bc336ee60.jpg', '2019-02-08 12:11:23'),
(4197, 'https://farm6.staticflickr.com/5346/30622631115_b3f3fe5eb9.jpg', '2019-02-08 12:11:25'),
(4198, 'https://farm6.staticflickr.com/5747/30323171370_edf2e3f800.jpg', '2019-02-08 12:11:27'),
(4199, 'https://farm6.staticflickr.com/5719/30586950936_67e0b7b554.jpg', '2019-02-08 12:11:29'),
(4200, 'https://farm6.staticflickr.com/5644/30323168230_48e4d6fcef.jpg', '2019-02-08 12:11:31'),
(4201, 'https://farm6.staticflickr.com/5792/30323167460_c2536f3c36.jpg', '2019-02-08 12:11:33'),
(4202, 'https://farm6.staticflickr.com/5727/29989305673_57675b2649.jpg', '2019-02-08 12:11:36'),
(4203, 'https://farm6.staticflickr.com/5499/29989303623_3dc651c53e.jpg', '2019-02-08 12:11:37'),
(4204, 'https://farm6.staticflickr.com/5794/30506166802_9986fb84de.jpg', '2019-02-08 12:11:40'),
(4205, 'https://farm6.staticflickr.com/5595/30323163820_f40c8810cd.jpg', '2019-02-08 12:11:42'),
(4206, 'https://farm6.staticflickr.com/5815/29991218784_811fb02a19.jpg', '2019-02-08 12:11:44'),
(4207, 'https://farm6.staticflickr.com/5715/29989296133_d79f941f77.jpg', '2019-02-08 12:11:45'),
(4208, 'https://farm6.staticflickr.com/5792/30586933796_c9722e049f.jpg', '2019-02-08 12:11:47'),
(4209, 'https://farm6.staticflickr.com/5547/30506162202_fceab6bdd7.jpg', '2019-02-08 12:11:48'),
(4210, 'https://farm6.staticflickr.com/5816/30323158910_cbe383a9af.jpg', '2019-02-08 12:11:50'),
(4211, 'https://farm6.staticflickr.com/5748/30506159812_c79fc7fdf2.jpg', '2019-02-08 12:11:52'),
(4212, 'https://farm6.staticflickr.com/5760/30586927086_6b64b6884d.jpg', '2019-02-08 12:11:54'),
(4213, 'https://farm6.staticflickr.com/5344/30623000055_84049f4409.jpg', '2019-02-08 12:11:55'),
(4214, 'https://farm6.staticflickr.com/5566/29989283033_d856526ec3.jpg', '2019-02-08 12:11:57'),
(4215, 'https://farm6.staticflickr.com/5833/29989281383_b953f5a1f0.jpg', '2019-02-08 12:11:58'),
(4216, 'https://farm6.staticflickr.com/5669/30534949851_8281c93217.jpg', '2019-02-08 12:12:00'),
(4217, 'https://farm6.staticflickr.com/5619/30622992765_e10ece47df.jpg', '2019-02-08 12:12:02'),
(4218, 'https://farm6.staticflickr.com/5734/30534946351_71d2959786.jpg', '2019-02-08 12:12:03'),
(4219, 'https://farm6.staticflickr.com/5652/30323146570_66e7797c87.jpg', '2019-02-08 12:12:05'),
(4220, 'https://farm6.staticflickr.com/5556/30534943171_6c1b90c898.jpg', '2019-02-08 12:12:06'),
(4221, 'https://farm6.staticflickr.com/5745/29991194444_5cc1ee46cc.jpg', '2019-02-08 12:12:08'),
(4222, 'https://farm6.staticflickr.com/5613/30622982895_828c3590fe.jpg', '2019-02-08 12:12:09'),
(4223, 'https://farm6.staticflickr.com/5816/29991190134_e69003fdd3.jpg', '2019-02-08 12:12:11'),
(4224, 'https://farm6.staticflickr.com/5587/29989262203_1ea1d29f8e.jpg', '2019-02-08 12:12:13'),
(4225, 'https://farm6.staticflickr.com/5760/29989259523_aa4048218e.jpg', '2019-02-08 12:12:15'),
(4226, 'https://farm6.staticflickr.com/5731/29991186484_1bc692435c.jpg', '2019-02-08 12:12:16'),
(4227, 'https://farm6.staticflickr.com/5515/30586894206_66250caa92.jpg', '2019-02-08 12:12:18'),
(4228, 'https://farm6.staticflickr.com/5528/30534928531_960148777d.jpg', '2019-02-08 12:12:20'),
(4229, 'https://farm6.staticflickr.com/5456/30506142662_b25d3953f1.jpg', '2019-02-08 12:12:22'),
(4230, 'https://farm6.staticflickr.com/5327/30506140412_122acb3739.jpg', '2019-02-08 12:12:23'),
(4231, 'https://farm6.staticflickr.com/5675/29991181314_64c353426a.jpg', '2019-02-08 12:12:25'),
(4232, 'https://farm6.staticflickr.com/5345/30506136262_925de6fe99.jpg', '2019-02-08 12:12:27'),
(4233, 'https://farm6.staticflickr.com/5554/30534918901_e1762bcd12.jpg', '2019-02-08 12:12:28'),
(4234, 'https://farm6.staticflickr.com/5831/30323115980_bd7f47e5bf.jpg', '2019-02-08 12:12:30'),
(4235, 'https://farm6.staticflickr.com/5703/30622960865_e835831eb9.jpg', '2019-02-08 12:12:32'),
(4236, 'https://farm6.staticflickr.com/5803/30323113480_57e5cd2938.jpg', '2019-02-08 12:12:34'),
(4237, 'https://farm6.staticflickr.com/5524/30586875916_824b31f0ab.jpg', '2019-02-08 12:12:36'),
(4238, 'https://farm6.staticflickr.com/5805/30622954405_11f2aac2a4.jpg', '2019-02-08 12:12:37'),
(4239, 'https://farm6.staticflickr.com/5557/30323107920_484a161a18.jpg', '2019-02-08 12:12:39'),
(4240, 'https://farm6.staticflickr.com/5810/30586869086_4f9515ca20.jpg', '2019-02-08 12:12:40'),
(4241, 'https://farm6.staticflickr.com/5727/30622946355_76f964c33b.jpg', '2019-02-08 12:12:42'),
(4242, 'https://farm6.staticflickr.com/5711/30586864826_da91d4eeea.jpg', '2019-02-08 12:12:44'),
(4243, 'https://farm6.staticflickr.com/5789/30323100570_ffe08b1466.jpg', '2019-02-08 12:12:46'),
(4244, 'https://farm6.staticflickr.com/5708/29991164364_f8dee0212c.jpg', '2019-02-08 12:12:48'),
(4245, 'https://farm6.staticflickr.com/5502/30622937105_4d987222bf.jpg', '2019-02-08 12:12:49'),
(4246, 'https://farm9.staticflickr.com/8675/29991160384_51f6892150.jpg', '2019-02-08 12:12:51'),
(4247, 'https://farm6.staticflickr.com/5776/29991158084_31f61b209b.jpg', '2019-02-08 12:12:53'),
(4248, 'https://farm6.staticflickr.com/5567/29991156524_e4eec389ae.jpg', '2019-02-08 12:12:55'),
(4249, 'https://farm6.staticflickr.com/5776/29989220853_3464ef7577.jpg', '2019-02-08 12:12:57'),
(4250, 'https://farm6.staticflickr.com/5325/29991152634_516d048727.jpg', '2019-02-08 12:12:58'),
(4251, 'https://farm6.staticflickr.com/5811/29991150704_7112f1e527.jpg', '2019-02-08 12:13:00'),
(4252, 'https://farm6.staticflickr.com/5443/30622929315_63184c7874.jpg', '2019-02-08 12:13:02'),
(4253, 'https://farm6.staticflickr.com/5700/29991147314_fe935d12cd.jpg', '2019-02-08 12:13:04'),
(4254, 'https://farm6.staticflickr.com/5811/29989207993_aa173d4f7c.jpg', '2019-02-08 12:13:06'),
(4255, 'https://farm6.staticflickr.com/5741/30622926805_90affa5eb0.jpg', '2019-02-08 12:13:08'),
(4256, 'https://farm6.staticflickr.com/5772/29991142604_bf30714c44.jpg', '2019-02-08 12:13:09'),
(4257, 'https://farm6.staticflickr.com/5500/30622925255_dc9d3ac997.jpg', '2019-02-08 12:13:11'),
(4258, 'https://farm6.staticflickr.com/5467/30506104852_54b2a5544e.jpg', '2019-02-08 12:13:13'),
(4259, 'https://farm6.staticflickr.com/5496/30534891031_08d015fc8b.jpg', '2019-02-08 12:13:15'),
(4260, 'https://farm6.staticflickr.com/5322/30586838036_63dc88b7f6.jpg', '2019-02-08 12:13:17'),
(4261, 'https://farm6.staticflickr.com/5742/29989195423_b6d6b95e79.jpg', '2019-02-08 12:13:19'),
(4262, 'https://farm6.staticflickr.com/5349/30586834336_169c2aff82.jpg', '2019-02-08 12:13:20'),
(4263, 'https://farm6.staticflickr.com/5667/30586832736_eb39d1f14c.jpg', '2019-02-08 12:13:22'),
(4264, 'https://farm6.staticflickr.com/5836/30323059840_6828fff16b.jpg', '2019-02-08 12:13:24'),
(4265, 'https://farm6.staticflickr.com/5720/30622914485_8f5009d6b5.jpg', '2019-02-08 12:13:26'),
(4266, 'https://farm6.staticflickr.com/5459/30534886571_2d58e54a56.jpg', '2019-02-08 12:13:27'),
(4267, 'https://farm6.staticflickr.com/5565/30586825356_8606e6f963.jpg', '2019-02-08 12:13:29'),
(4268, 'https://farm6.staticflickr.com/5534/30586823246_4cc71b4761.jpg', '2019-02-08 12:13:31'),
(4269, 'https://farm6.staticflickr.com/5585/30506092772_0e08bdbc19.jpg', '2019-02-08 12:13:32'),
(4270, 'https://farm6.staticflickr.com/5672/30586820506_91e645acb3.jpg', '2019-02-08 12:13:34'),
(4271, 'https://farm6.staticflickr.com/5527/30622905675_36e6cb41cb.jpg', '2019-02-08 12:13:36'),
(4272, 'https://farm6.staticflickr.com/5330/30586818666_acd779b402.jpg', '2019-02-08 12:13:38'),
(4273, 'https://farm6.staticflickr.com/5704/30622896875_bf3d7531e8.jpg', '2019-02-08 12:13:40'),
(4274, 'https://farm6.staticflickr.com/5511/30323037030_77f2b2692c.jpg', '2019-02-08 12:13:42'),
(4275, 'https://farm6.staticflickr.com/5633/30323035150_ec1900a3cc.jpg', '2019-02-08 12:13:44'),
(4276, 'https://farm6.staticflickr.com/5454/30534865771_ab34c76260.jpg', '2019-02-08 12:13:45'),
(4277, 'https://farm6.staticflickr.com/5605/30323031690_778247851c.jpg', '2019-02-08 12:13:47'),
(4278, 'https://farm6.staticflickr.com/5778/30534861271_d18591da25.jpg', '2019-02-08 12:13:49'),
(4279, 'https://farm6.staticflickr.com/5577/29989161243_81cef07601.jpg', '2019-02-08 12:13:51'),
(4280, 'https://farm6.staticflickr.com/5646/30323026120_7280f74e7e.jpg', '2019-02-08 12:13:53'),
(4281, 'https://farm6.staticflickr.com/5623/30586804266_3dd8402af5.jpg', '2019-02-08 12:13:54'),
(4282, 'https://farm6.staticflickr.com/5449/29989159233_714ce036e5.jpg', '2019-02-08 12:13:56'),
(4283, 'https://farm6.staticflickr.com/5638/30323022020_c6a06d69d2.jpg', '2019-02-08 12:13:58'),
(4284, 'https://farm6.staticflickr.com/5795/30586797996_354ed0f85d.jpg', '2019-02-08 12:13:59'),
(4285, 'https://farm6.staticflickr.com/5765/30622874365_a8b454941c.jpg', '2019-02-08 12:14:01'),
(4286, 'https://farm6.staticflickr.com/5615/29989155333_93a20fe508.jpg', '2019-02-08 12:14:03'),
(4287, 'https://farm6.staticflickr.com/5721/30534850801_504fbc6b10.jpg', '2019-02-08 12:14:04'),
(4288, 'https://farm6.staticflickr.com/5493/30622868665_cc4c511ba4.jpg', '2019-02-08 12:14:06'),
(4289, 'https://farm6.staticflickr.com/5516/30586786156_6c06d5cf22.jpg', '2019-02-08 12:14:07'),
(4290, 'https://farm6.staticflickr.com/5532/29989150733_ece2db1419.jpg', '2019-02-08 12:14:09'),
(4291, 'https://farm6.staticflickr.com/5521/30323005860_b42eddebdb.jpg', '2019-02-08 12:14:11'),
(4292, 'https://farm6.staticflickr.com/5685/29989147043_4dbb500c8e.jpg', '2019-02-08 12:14:13'),
(4293, 'https://farm6.staticflickr.com/5619/30534840471_c612aa54d8.jpg', '2019-02-08 12:14:14'),
(4294, 'https://farm6.staticflickr.com/5727/29989143203_be72f1dd61.jpg', '2019-02-08 12:14:16'),
(4295, 'https://farm6.staticflickr.com/5500/29989141413_8bfa984811.jpg', '2019-02-08 12:14:18'),
(4296, 'https://farm6.staticflickr.com/5556/30506066502_9669a4b1c0.jpg', '2019-02-08 12:14:20'),
(4297, 'https://farm6.staticflickr.com/5790/30534831221_36f203927a.jpg', '2019-02-08 12:14:21'),
(4298, 'https://farm6.staticflickr.com/5447/30534829211_3119ca9c9f.jpg', '2019-02-08 12:14:23'),
(4299, 'https://farm6.staticflickr.com/5479/30506062372_db6fa7895e.jpg', '2019-02-08 12:14:24'),
(4300, 'https://farm6.staticflickr.com/5574/30534825871_2c12675e87.jpg', '2019-02-08 12:14:26'),
(4301, 'https://farm6.staticflickr.com/5686/30506059542_5787f8487f.jpg', '2019-02-08 12:14:28'),
(4302, 'https://farm6.staticflickr.com/5787/29989127853_0285c7efe7.jpg', '2019-02-08 12:14:30'),
(4303, 'https://farm6.staticflickr.com/5322/30534822181_457ef37210.jpg', '2019-02-08 12:14:32'),
(4304, 'https://farm6.staticflickr.com/5784/29989122883_341fb39e13.jpg', '2019-02-08 12:14:34'),
(4305, 'https://farm6.staticflickr.com/5467/30322984330_bda17c4197.jpg', '2019-02-08 12:14:36'),
(4306, 'https://farm6.staticflickr.com/5568/30506048352_47068934c3.jpg', '2019-02-08 12:14:38'),
(4307, 'https://farm6.staticflickr.com/5699/30622843055_4d32864333.jpg', '2019-02-08 12:14:39'),
(4308, 'https://farm6.staticflickr.com/5669/29989112403_517837557e.jpg', '2019-02-08 12:14:42'),
(4309, 'https://farm6.staticflickr.com/5511/30622840255_6c78039a35.jpg', '2019-02-08 12:14:43'),
(4310, 'https://farm6.staticflickr.com/5542/30506038422_b78ea1208c.jpg', '2019-02-08 12:14:45'),
(4311, 'https://farm6.staticflickr.com/5520/29991071044_cd889e484b.jpg', '2019-02-08 12:14:46'),
(4312, 'https://farm6.staticflickr.com/5620/30586758746_af9d1ccb82.jpg', '2019-02-08 12:14:48'),
(4313, 'https://farm6.staticflickr.com/5636/30586757406_ef1bc8c5ee.jpg', '2019-02-08 12:14:50'),
(4314, 'https://farm6.staticflickr.com/5715/30586755626_3459bc78e6.jpg', '2019-02-08 12:14:52'),
(4315, 'https://farm6.staticflickr.com/5323/30622831555_70cc537244.jpg', '2019-02-08 12:14:54'),
(4316, 'https://farm6.staticflickr.com/5463/29991062164_0d8a6277a1.jpg', '2019-02-08 12:14:56'),
(4317, 'https://farm6.staticflickr.com/5662/30622828365_7371b7220b.jpg', '2019-02-08 12:14:57'),
(4318, 'https://farm6.staticflickr.com/5725/29991058224_20e94cab1b.jpg', '2019-02-08 12:14:59'),
(4319, 'https://farm6.staticflickr.com/5499/30622823845_ddf084c3a4.jpg', '2019-02-08 12:15:01'),
(4320, 'https://farm6.staticflickr.com/5516/29991053724_19856d7563.jpg', '2019-02-08 12:15:03'),
(4321, 'https://farm6.staticflickr.com/5600/30622820165_14fdcd8428.jpg', '2019-02-08 12:15:05'),
(4322, 'https://farm6.staticflickr.com/5690/30622818755_07f888ac61.jpg', '2019-02-08 12:15:06'),
(4323, 'https://farm6.staticflickr.com/5348/30622816985_ea60fd3c9b.jpg', '2019-02-08 12:15:08'),
(4324, 'https://farm6.staticflickr.com/5693/29989077143_7fbf5874ba.jpg', '2019-02-08 12:15:09'),
(4325, 'https://farm6.staticflickr.com/5478/30506015292_b497768dfe.jpg', '2019-02-08 12:15:11'),
(4326, 'https://farm6.staticflickr.com/5827/30322958170_11990ffe57.jpg', '2019-02-08 12:15:12'),
(4327, 'https://farm6.staticflickr.com/5460/30322955340_9e2d31b548.jpg', '2019-02-08 12:15:14'),
(4328, 'https://farm6.staticflickr.com/5465/29991041644_8e9aeebc09.jpg', '2019-02-08 12:15:16'),
(4329, 'https://farm6.staticflickr.com/5786/30534792381_fc3c420811.jpg', '2019-02-08 12:15:18'),
(4330, 'https://farm6.staticflickr.com/5802/30586728096_31aa0d4de8.jpg', '2019-02-08 12:15:19'),
(4331, 'https://farm6.staticflickr.com/5327/30586725906_798455574f.jpg', '2019-02-08 12:15:21'),
(4332, 'https://farm6.staticflickr.com/5486/30322945100_6dd173553f.jpg', '2019-02-08 12:15:23'),
(4333, 'https://farm6.staticflickr.com/5728/29991035084_302f4fdf21.jpg', '2019-02-08 12:15:25'),
(4334, 'https://farm6.staticflickr.com/5612/30586719436_a9b48a13b0.jpg', '2019-02-08 12:15:26'),
(4335, 'https://farm6.staticflickr.com/5344/30505997222_cca9d95092.jpg', '2019-02-08 12:15:28'),
(4336, 'https://farm6.staticflickr.com/5812/30322936270_beb347dc41.jpg', '2019-02-08 12:15:30'),
(4337, 'https://farm6.staticflickr.com/5443/30505993982_abc6328903.jpg', '2019-02-08 12:15:32'),
(4338, 'https://farm6.staticflickr.com/5473/30322748840_1d8082e81b.jpg', '2019-02-08 12:15:33'),
(4339, 'https://farm6.staticflickr.com/5673/30622625205_cfc047597e.jpg', '2019-02-08 12:15:35'),
(4340, 'https://farm6.staticflickr.com/5669/30322744930_00fb86aa20.jpg', '2019-02-08 12:15:37'),
(4341, 'https://farm6.staticflickr.com/5580/29988870183_313c384675.jpg', '2019-02-08 12:15:38'),
(4342, 'https://farm6.staticflickr.com/5741/30534593091_d3302d9cc0.jpg', '2019-02-08 12:15:40'),
(4343, 'https://farm6.staticflickr.com/5659/30622614725_9f34e0ed05.jpg', '2019-02-08 12:15:42'),
(4344, 'https://farm6.staticflickr.com/5644/29988864813_1eb9a34061.jpg', '2019-02-08 12:15:43'),
(4345, 'https://farm6.staticflickr.com/5632/30534586291_bbb84888df.jpg', '2019-02-08 12:15:45'),
(4346, 'https://farm6.staticflickr.com/5516/30534584281_c336e6a452.jpg', '2019-02-08 12:15:47'),
(4347, 'https://farm6.staticflickr.com/5687/30586521486_9176980ba4.jpg', '2019-02-08 12:15:48'),
(4348, 'https://farm6.staticflickr.com/5775/30534579251_52b268e1ef.jpg', '2019-02-08 12:15:50'),
(4349, 'https://farm6.staticflickr.com/5695/29988859413_0e98532671.jpg', '2019-02-08 12:15:52'),
(4350, 'https://farm6.staticflickr.com/5348/30322727140_e659152161.jpg', '2019-02-08 12:15:53'),
(4351, 'https://farm6.staticflickr.com/5823/30505817432_e50645627f.jpg', '2019-02-08 12:15:55'),
(4352, 'https://farm6.staticflickr.com/5325/30534569101_643454bdfc.jpg', '2019-02-08 12:15:57'),
(4353, 'https://farm6.staticflickr.com/5751/30622601835_1f3e3ec34d.jpg', '2019-02-08 12:15:58'),
(4354, 'https://farm9.staticflickr.com/8669/30586502076_ac31ec98f9.jpg', '2019-02-08 12:16:00'),
(4355, 'https://farm6.staticflickr.com/5701/30505809682_13fedbd2d2.jpg', '2019-02-08 12:16:02');

--
-- Індекси збережених таблиць
--

--
-- Індекси таблиці `emotion`
--
ALTER TABLE `emotion`
  ADD PRIMARY KEY (`id`);

--
-- Індекси таблиці `emotion_url`
--
ALTER TABLE `emotion_url`
  ADD PRIMARY KEY (`id`);

--
-- Індекси таблиці `image_url`
--
ALTER TABLE `image_url`
  ADD PRIMARY KEY (`id`);

--
-- AUTO_INCREMENT для збережених таблиць
--

--
-- AUTO_INCREMENT для таблиці `emotion`
--
ALTER TABLE `emotion`
  MODIFY `id` int(11) NOT NULL AUTO_INCREMENT, AUTO_INCREMENT=9;

--
-- AUTO_INCREMENT для таблиці `emotion_url`
--
ALTER TABLE `emotion_url`
  MODIFY `id` int(11) NOT NULL AUTO_INCREMENT, AUTO_INCREMENT=748;

--
-- AUTO_INCREMENT для таблиці `image_url`
--
ALTER TABLE `image_url`
  MODIFY `id` int(11) NOT NULL AUTO_INCREMENT, AUTO_INCREMENT=4356;
COMMIT;

/*!40101 SET CHARACTER_SET_CLIENT=@OLD_CHARACTER_SET_CLIENT */;
/*!40101 SET CHARACTER_SET_RESULTS=@OLD_CHARACTER_SET_RESULTS */;
/*!40101 SET COLLATION_CONNECTION=@OLD_COLLATION_CONNECTION */;
